id,title,issuing_body,sector,document_type,status,release_date,summary,who_it_applies_to,key_obligations,official_url,archived_pdf,last_verified
1,National Strategy for Artificial Intelligence #AIforAll,NITI Aayog,Cross-cutting,Strategy,Final,2018-06-01,Discussion paper mandated by the Union Budget 2018-19 laying the foundational vision for India's AI strategy under the #AIforAll theme. Frames AI as a tool for inclusive growth and positions India as an AI garage for the world solving complex problems at scale. Focuses on five core sectors: healthcare and agriculture and education and smart cities and smart mobility. Makes recommendations across four areas: promotion of AI research through Centres of Excellence and an umbrella coordinating organisation; skilling and reskilling of the workforce through decentralised teaching and industry collaboration; facilitating adoption of AI solutions in priority sectors; and development of guidelines for responsible AI. Recommends a national data marketplace and annotated sector-specific datasets.,Central ministries and state governments and private sector AI researchers and developers and technology companies,Align national and state programmes to five AI priority sectors and invest in AI research capacity through ICTAI Centres of Excellence and develop annotated datasets for AI in public interest domains and promote international collaboration on AI research,https://www.niti.gov.in/sites/default/files/2023-03/National-Strategy-for-Artificial-Intelligence.pdf,,2026-02-27
2,Responsible AI for All - Part 1: Guiding Principles,NITI Aayog,Cross-cutting,Framework,Final,2021-02-22,"First part of NITI Aayog's responsible AI approach document establishing seven core principles for responsible management of AI derived from the Constitution of India: (1) Safety and Reliability; (2) Equality; (3) Inclusivity and Non-discrimination; (4) Privacy and Security; (5) Transparency; (6) Accountability; (7) Protection and Reinforcement of Positive Human Values. Examines seven systems considerations covering AI explainability and consistency and exclusion and accountability and privacy and security risks. Also covers societal considerations, global regulatory landscape, and technology-based approaches. Includes a self-assessment guide for AI usage. Preceded Part 2 on operationalisation of these principles.",Government agencies and AI developers and deployers across public and private sectors,Adopt all seven responsible AI principles during design and development and deployment phases and conduct impact assessments and document AI systems against each principle and apply calibrated measures proportionate to the risk level of the AI application,https://www.niti.gov.in/sites/default/files/2021-02/Responsible-AI-22022021.pdf,,2026-02-27
3,Responsible AI for All - Part 2: Operationalising Responsible AI,NITI Aayog,Cross-cutting,Framework,Final,2021-08-12,Second part of the responsible AI approach document providing practical sector-specific guidance on operationalising the seven principles from Part 1 across healthcare and agriculture and MSME and education sectors. Provides case studies and implementation tools including a risk-based assessment framework for responsible AI deployment. Introduces enforcement mechanisms for the RAI principles and sets out the roles of different actors in operationalising them in Indian organisational contexts.,AI developers and deploying organisations across public sector and enterprises using AI in social or governance contexts,Implement sector-specific risk and fairness assessments and use prescribed checklists for AI deployment and establish internal accountability mechanisms and document AI decision trails and apply the enforcement mechanisms specified for each of the seven RAI principles,https://www.niti.gov.in/sites/default/files/2021-08/Part2-Responsible-AI-12082021.pdf,,2026-02-27
4,IndiaAI Mission,Ministry of Electronics and Information Technology (MEITY),Cross-cutting,Policy,Final,2024-03-07,"Cabinet-approved programme with Rs 10,371.92 crore outlay structured around seven pillars: (1) IndiaAI Compute Capacity — building a high-end scalable AI compute infrastructure of 10,000 or more GPUs for shared subsidised access by startups, researchers, and government entities through a national AI compute portal; (2) IndiaAI Innovation Centre — developing indigenous foundational AI models for key national sectors; (3) IndiaAI Datasets Platform — democratising access to quality non-personal datasets to power AI model development; (4) IndiaAI Application Development Initiative — deploying AI across key sectors including healthcare, agriculture, education, and governance; (5) IndiaAI FutureSkills — scaling AI skilling programmes through 500 PhD fellowships and integration with FutureSkills Prime and existing ITI and polytechnic networks; (6) IndiaAI Startup Financing — providing risk capital to AI startups from idea stage through fund of funds and direct financing; (7) Safe and Trusted AI — developing indigenous tools, frameworks, and benchmarks to embed safety, ethics, and accountability in AI systems. Implemented by IndiaAI Independent Business Division under Digital India Corporation.",Central government bodies and AI startups and academic and research institutions and deep-tech companies,Access shared GPU compute through IndiaAI portal and contribute to IndiaDatasets platform and participate in FutureSkills Prime AI training and apply for startup financing through IndiaAI fund of funds,https://www.pib.gov.in/PressReleaseIframePage.aspx?PRID=2012355&reg=3&lang=2,,2026-02-27
5,Digital Personal Data Protection Act 2023,Ministry of Law and Justice,Cross-cutting|Data Governance,Legislation,Final,2023-08-11,Indias primary data protection legislation governing processing of digital personal data. Applies to all entities processing personal data of Indian residents whether in India or abroad while offering goods or services to Indian residents. Establishes rights of Data Principals and obligations of Data Fiduciaries including consent requirements and security safeguards and breach notification and data erasure. Creates the Data Protection Board of India as enforcement authority. Penalties range up to Rs 250 crore for security safeguard breaches.,All Data Fiduciaries (government and private entities) that determine the purpose and means of processing digital personal data of individuals in India or offer goods/services to Indian residents from outside India. Exemptions apply to personal/domestic processing and to processing by state instrumentalities notified by Central Government for sovereignty/security purposes and to research/archiving/statistical uses.,Obtain free and specific and informed and unambiguous consent before processing OR process only for legitimate uses listed in Section 7; give notice describing personal data and purpose before seeking consent; allow withdrawal of consent with ease comparable to how it was given; implement appropriate technical and organisational measures; protect data with reasonable security safeguards to prevent breach; notify Data Protection Board AND each affected Data Principal upon any personal data breach; erase personal data when specified purpose is no longer served or consent is withdrawn; establish grievance redressal mechanism; obtain verifiable parental consent before processing data of children under 18; prohibit tracking and behavioural monitoring and targeted advertising directed at children; Significant Data Fiduciaries must additionally appoint India-based Data Protection Officer and independent data auditor and conduct periodic Data Protection Impact Assessments and periodic audits,https://www.meity.gov.in/static/uploads/2024/06/2bf1f0e9f04e6fb4f8fef35e82c42aa5.pdf,,2026-02-27
6,Advisory on Identification and Removal of AI-Generated Deepfakes,Ministry of Electronics and Information Technology (MEITY),Cross-cutting,Advisory,Final,2023-11-01,MeitY advisory directing social media intermediaries and AI content platforms to deploy proactive mechanisms to identify and remove deepfake content. Issued in response to viral deepfake videos of public figures. Reiterates obligations under IT Rules 2021 and emphasises 36-hour takedown window for reported deepfakes.,Social media intermediaries and OTT platforms and AI content generation platforms and app stores operating in India,Deploy automated detection mechanisms for deepfakes and ensure flagged content is removed within 36 hours and prominently display policies against misinformation and report non-compliant deepfakes to authorities,https://pib.gov.in/PressReleasePage.aspx?PRID=1978921,,2026-02-27
7,Advisory to Intermediaries and Platforms on Generative AI Compliance,Ministry of Electronics and Information Technology (MEITY),Cross-cutting,Advisory,Final,2024-03-01,MeitY advisory requiring AI platforms to obtain government permission before deploying under-tested or unreliable AI models accessible to Indian users. Requires labelling of AI-generated outputs and mandates that platforms prevent generation of content violating Indian law including against national integrity and against minors.,AI model developers and intermediaries deploying generative AI tools and chatbots and image or video generation services to Indian users,Obtain MeitY approval for models not sufficiently tested and label all AI-generated content with watermarks or disclosures and deploy guardrails against unlawful content generation and report incidents,https://pib.gov.in/PressReleasePage.aspx?PRID=2011855,,2026-02-27
8,Circular on Use of Artificial Intelligence and Machine Learning by Market Participants,Securities and Exchange Board of India (SEBI),Finance,Circular,Final,2019-01-07,SEBI circular requiring stock brokers and portfolio managers and asset managers to disclose AI and ML usage in algorithms and submit bi-annual audits by empanelled auditors. Aims to ensure accountability and explainability of algorithmic decisions in securities markets and prevent algorithmic manipulation.,Stock brokers and sub-brokers and portfolio managers and investment advisers and asset management companies using AI or ML in trading or advisory functions,Disclose AI and ML usage to SEBI and clients and submit algorithm audit reports every six months by empanelled auditors and maintain documented model governance and disable models found non-compliant,https://www.sebi.gov.in/legal/circulars/jan-2019/circular-on-use-of-artificial-intelligence-and-machine-learning-by-market-participants_41551.html,,2026-02-27
9,Framework for Algorithmic Trading,Securities and Exchange Board of India (SEBI),Finance,Framework,Final,2013-03-30,SEBI framework establishing minimum standards for algorithmic trading systems at stock exchanges and brokers covering pre-trade and post-trade risk controls and kill switch requirements and audit trails. Forms the foundational regulation on which subsequent AI and ML circulars in capital markets build.,Stock exchanges and registered stock brokers deploying automated or algorithmic order execution systems,Implement pre-trade price and quantity checks and post-trade risk monitoring and maintain an order-to-trade ratio and provide kill switch capability and submit system audit reports annually to exchange,https://www.sebi.gov.in/legal/circulars/mar-2013/broad-guidelines-on-algorithmic-trading_24205.html,,2026-02-27
10,Recommendations on Artificial Intelligence and Big Data in Telecom Sector,Telecom Regulatory Authority of India (TRAI),Telecom,Recommendation,Final,2024-04-22,TRAI recommendations covering responsible AI deployment in telecom networks for spectrum management and network optimisation and fraud detection and consumer protection. Recommends a code of conduct for AI in telecom and calls for a dedicated regulatory sandbox and suggests that AI systems used in subscriber-affecting decisions meet explainability standards.,Telecom service providers and equipment vendors and OTT communication services and AI solution providers working with telecom operators,Adopt TRAI-recommended code of conduct for AI use and protect subscriber data in AI systems and register AI use in network management with TRAI and disclose AI-driven decisions affecting consumers,https://www.trai.gov.in/sites/default/files/Recommendation_on_AI_22042024.pdf,,2026-02-27
11,Ethical Guidelines for Application of Artificial Intelligence in Biomedical Research and Healthcare,Indian Council of Medical Research (ICMR),Health,Guidelines,Final,2023-03-01,ICMR guidelines establishing ten patient-centric ethical principles for AI in health: autonomy and safety and privacy and data protection and accessibility and equity and accountability and liability and trustworthiness and optimisation and sustainability and fairness. Covers AI in clinical decision support and diagnostics and drug discovery and public health surveillance. A living document to be updated as the field evolves.,Healthcare AI developers and clinical researchers and hospitals and ethics committees and AI solution vendors and sponsors of AI-in-health research,Obtain independent ethics committee clearance for AI healthcare tools and document training data for bias and ensure patient consent for AI use in care and conduct prospective clinical validation and publish AI audit reports and ensure human oversight in all AI-assisted clinical decisions,https://main.icmr.nic.in/sites/default/files/upload_documents/Ethical_Guidelines_AI_Healthcare_2023.pdf,,2026-02-27
12,Telemedicine Practice Guidelines,Ministry of Health and Family Welfare (MoHFW) and National Medical Commission,Health,Guidelines,Final,2020-03-25,Guidelines enabling registered medical practitioners to provide telemedicine consultations across audio and video and text channels. Relevant to AI because they govern the use of AI-assisted symptom checkers and triage tools and digital health platforms that assist or augment remote clinical consultation. Prescribe patient consent and data retention and prescription protocols.,Registered medical practitioners and telemedicine platforms and health-tech companies offering remote consultation and symptom checker services,Ensure RMP is always identifiable to patient and obtain patient consent for digital consultation and adhere to prescription rules for different drug classes and maintain digital consultation records for minimum three years,https://www.mohfw.gov.in/pdf/Telemedicine.pdf,,2026-02-27
13,Draft Guidance Document on Medical Device Software,Central Drugs Standard Control Organisation (CDSCO),Health,Guidelines,Draft,2025-10-21,Draft CDSCO guidance document for public comment on the regulatory framework for Medical Device Software (MDS) under the Drugs and Cosmetics Act 1940 and Medical Devices Rules 2017. Covers two categories: Software in a Medical Device (SiMD) — embedded software that drives or influences hardware medical devices — and Software as a Medical Device (SaMD) — standalone software including AI and ML based diagnostic and clinical decision support tools. Establishes a four-class risk-based classification framework (Class A: low risk through Class D: high risk) using a two-axis matrix combining significance of clinical information provided and seriousness of the healthcare situation. Covers intended use statement requirements and applicable quality standards (IS/ISO 13485 and IS/ISO 14971) and Quality Management System requirements and the regulatory pathway for manufacturing and import licences and clinical investigation requirements and post-market surveillance obligations.,Indian manufacturers and importers of Medical Device Software including developers of AI and ML based diagnostic and therapeutic software and clinical decision support applications; applies to both SaMD and SiMD under MDR-2017,Classify Medical Device Software under appropriate MDR-2017 risk class (A to D) using the prescribed two-axis SaMD risk matrix; submit licence application to Central Licensing Authority or State Licensing Authority per applicable class; provide clinical evidence of safety and performance; implement an ISO 13485 compliant Quality Management System; conduct post-market surveillance and report adverse events within prescribed timelines; obtain CDSCO confirmation of risk classification before commercialisation,https://cdsco.gov.in/opencms/resources/UploadCDSCOWeb/2018/UploadPublic_NoticesFiles/Draft%20guidance%20document%20on%20Medical%20Device%20Software%2021%2010%202025.pdf,,2026-02-27
14,Digital Agriculture Mission,Ministry of Agriculture and Farmers Welfare (MoAFW),Agriculture,Policy,Final,2021-09-10,National programme to build a federated digital infrastructure for agriculture called AgriStack. Enables AI-powered crop advisory and pest surveillance and weather-based recommendations and soil health monitoring. Establishes farmers registry and land records linkage and common APIs for agritech integration. Seeks to create a data-rich ecosystem for precision agriculture.,State agriculture departments and agritech companies and financial institutions and input suppliers and farmers cooperatives,Integrate state agriculture applications with AgriStack APIs and register farmers on digital identity layer and adopt ICAR-prescribed data standards and use anonymised farm data within permitted purposes only,https://agricoop.nic.in/en/pressrelease/digital-agriculture-mission,,2026-02-27
15,Reimagining Agriculture: A Roadmap for Frontier Technology Led Transformation,"NITI Aayog (Frontier Tech Hub), in collaboration with CII, BCG, Google, and EkStep Foundation",Agriculture,Report,Final,2025-10-01,"Strategic roadmap published by NITI Aayog's Frontier Tech Hub for integrating frontier technologies into Indian agriculture as part of the Viksit Bharat 2047 vision. Segments India's farming community into three archetypes — Aspiring (70-80%), Transitioning (15-20%), and Advanced (1-2%) — and identifies six systemic roadblocks to technology scale-up: siloed data systems, farmer trust deficits, a phygital divide between digital innovations and physical infrastructure, ecosystem fragmentation, talent gaps, and constrained capital flows. Proposes a Digital Agriculture Mission 2.0 built on three pillars: (1) Enhance — transitioning to a 360-degree sovereign agri data ecosystem (AgriKosh), digitally enabling last-mile advisory through multi-modal AI-powered channels including the VISTAAR platform, and upgrading the AgriTech startup accelerator ecosystem; (2) Reimagine — shifting to mission-oriented translational R&D and building interdisciplinary, industry-aligned talent pipelines across four tiers including AI specialists and drone pilots; (3) Converge — establishing thematic frontier technology Centres of Excellence and institutionalising policy foresight units and regulatory sandboxes for public-private convergence. Covers frontier technologies including agentic AI, precision agriculture, drone and satellite-based field intelligence, digital twins, IoT sensors, and biotech applications. Sets milestone indicators for 2030 and 2047 on yield, irrigation, mechanisation, post-harvest loss reduction, and processing.","Policymakers and central government ministries (MoAFW, MeitY, MSDE, DBT); state agriculture departments; agritech startups and established companies; agricultural universities and research institutions; private investors and accelerators; farmer producer organisations and cooperatives; international development organisations and multilaterals","Non-binding strategic roadmap; recommendations include: government to establish apex interministerial committee for the AgriKosh data ecosystem with MoAFW as domain owner and MeitY for IT governance; national framework to map AgriTech accelerators and track performance; establish time-bound thematic task forces on R&D ecosystem and agri-talent; link sector accelerators to proposed Centres of Excellence; develop national NSQF-aligned agri-talent framework; integrate AI chatbots and extension agent AI co-pilots into a unified multilingual farmer advisory interface; expand use of India's DPI (AgriStack, VISTAAR, ONDC) as infrastructure for agritech innovation",https://niti.gov.in/sites/default/files/2025-10/Reimagining_Agriculture_Roadmap_for_Frontier_Technology_Led_Transformation.pdf,,2026-02-27
16,Report on Currency and Finance 2021-22: Revive and Reconstruct,Reserve Bank of India (RBI),Finance,Report,Final,2022-01-01,RBI's flagship annual thematic report devoting substantial analysis to AI and ML adoption in the Indian financial system. Covers risks of algorithmic credit decisions and AI-driven fraud detection and model risk in banking. Recommends model risk management frameworks and governance standards as a precursor to forthcoming guidelines. Non-binding but cited in subsequent regulatory actions.,Banks and non-banking financial companies and fintech companies and payment system operators,Treat report recommendations as advance signalling for forthcoming supervisory expectations and voluntarily implement model risk inventories and explainability standards for AI in credit and fraud detection,https://www.rbi.org.in/Scripts/AnnualReportPublications.aspx?Id=1245,,2026-02-27
17,Master Direction on Information Technology Governance Risk Controls and Assurance Practices,Reserve Bank of India (RBI),Finance,Guidelines,Final,2023-11-07,Comprehensive master directions governing IT risk and governance for regulated entities. Contains dedicated provisions for AI and ML model risk management requiring board-level oversight and model inventories and periodic audits and explainability requirements for AI in credit underwriting and fraud scoring. Supersedes earlier IT risk guidelines.,Scheduled commercial banks and primary urban co-operative banks and non-banking financial companies above threshold using technology including AI and ML in customer-facing or operational decisions,Establish board IT strategy committee with AI oversight mandate and maintain AI and ML model inventory with risk classification and conduct annual model audits and implement explainability for AI credit decisions and report AI-related incidents to RBI,https://rbi.org.in/Scripts/BS_ViewMasDirections.aspx?id=12562,,2026-02-27
18,National Education Policy 2020,Ministry of Education (MoE),Education,Policy,Final,2020-07-29,Transformative national education reform recommending integration of coding and AI and computational thinking from Grade 6 and multidisciplinary curricula in higher education. Calls for AI-enabled personalised learning platforms and online course repositories and teacher upskilling in technology pedagogy. Sets vision for India's education system through 2040.,Schools and universities and state education departments and teacher training institutions and education technology companies,Introduce coding and AI literacy from middle school onward and restructure higher education curricula for multidisciplinary learning and train teachers in technology and AI pedagogy and link vocational AI skilling to national credentials,https://www.education.gov.in/sites/upload_files/mhrd/files/NEP_Final_English_0.pdf,,2026-02-27
19,AICTE Model Curriculum for B.Tech in Artificial Intelligence and Machine Learning,All India Council for Technical Education (AICTE),Education,Guidelines,Final,2020-01-01,Model curriculum prescribed by AICTE for four-year B.Tech programmes in AI and ML specifying semester-wise courses covering mathematics and programming and machine learning and deep learning and natural language processing and computer vision and AI ethics. Includes industry internship and capstone project requirements and outcome-based assessment standards.,Technical universities and autonomous engineering colleges and affiliated institutions offering B.Tech in AI or ML or Data Science,Adopt AICTE model curriculum structure and ensure faculty qualifications meet prescribed norms and incorporate industry internships in curriculum and conduct outcome-based assessment and submit academic audit reports to AICTE,https://www.aicte-india.org/sites/default/files/Model_Curriculum_AI_ML.pdf,,2026-02-27
20,National Cyber Security Policy 2013,Ministry of Electronics and Information Technology (MEITY),Cross-cutting,Policy,Final,2013-07-02,India's foundational cyber security policy establishing national objectives for securing cyberspace. Relevant to AI as the primary framework governing AI-enabled threat detection systems and AI-powered critical infrastructure protection and adversarial AI threats. Sets up CERT-In as national nodal agency and defines a five-year roadmap for national cyber security capability.,Government entities and critical sector operators and defence establishments and private enterprises and internet service providers,Designate a CISO and establish security operations centre in critical organisations and conduct security audits and report incidents to CERT-In and adopt international security standards and train staff in cyber security,https://www.meity.gov.in/writereaddata/files/National_cyber_security_policy-2013%281%29.pdf,,2026-02-27
21,CERT-In Advisory on Best Practices for Generative AI Security (CIAD-2025-0013),Indian Computer Emergency Response Team (CERT-In),Cross-cutting,Advisory,Final,2025-03-26,"CERT-In advisory issued in March 2025 identifying key cybersecurity vulnerabilities associated with the use of generative AI solutions and recommending defensive best practices. Covers threat vectors including data poisoning attacks on AI training datasets, adversarial attacks that cause misclassification, model inversion attacks to extract training data, model stealing through repeated querying, prompt injection attacks to bypass content safeguards, hallucination exploitation for disinformation and fraud, and backdoor attacks. Provides practical guidance for organisations and individual users deploying GenAI tools.",All organisations and individuals using generative AI solutions including enterprises deploying AI-powered tools for customer service and logistics and healthcare and cybersecurity functions; AI application developers,Carefully configure access rights of GenAI tools to organisational data and conduct periodic access rights reviews; do not rely on AI alone for critical decisions and fact-check AI outputs against reliable sources; use strong passwords and enable two-factor authentication for AI service accounts; consider anonymous accounts when inputting sensitive information; stay alert for AI-generated phishing and deepfake threats; avoid AI-generated plagiarised content,https://www.cert-in.org.in/s2cMainServlet?pageid=PUBVLNOTES02&VLCODE=CIAD-2025-0013,,2026-02-27
22,Maharashtra Artificial Intelligence Policy 2025,Government of Maharashtra,Cross-cutting,Policy,Forthcoming,2025-01-01,Maharashtra's first dedicated AI policy being developed by a 16-member AI Policy Taskforce constituted in January 2025 under the state's IT Ministry. Expected to focus on innovation and job creation and cybersecurity and education and alignment with India's IndiaAI Mission. Maharashtra will be the first Indian state with a standalone dedicated AI policy upon finalisation.,State government departments and enterprises and educational institutions and AI startups in Maharashtra,Details pending finalisation; expected to cover AI sandbox participation and compliance with state data sharing norms and alignment with IndiaAI Mission standards and skilling obligations,,,2026-02-27
23,Telangana Artificial Intelligence Framework 2020,Government of Telangana (ITE&C Department),Cross-cutting,Framework,Final,2020-06-01,"Telangana's AI strategy framework launched as part of declaring 2020 the Year of AI with a vision to make Telangana a global hub for AI and achieve USD 5 billion AI contribution to IT exports by 2025. Structured around six pillars: (1) Data Exchange Platform and High-Performance AI Computing — expanding the state open data portal and establishing a shared HPAIC facility with IIT Hyderabad and JNTU Hyderabad and CDAC and introducing data provider certification for ethics and quality of shared datasets; (2) Skilling and Education — targeting 30000 new AI workforce additions by 2022 through AI training centres in tier-II cities and micro-credentials and an AI Summer School and a Foundation of AI for All programme; (3) Governance, Ethics and Privacy — establishing an AI Ethics Group to produce advisory guidelines and codes of practice and governance frameworks covering accountability and bias and transparency and privacy and security and safety and requiring compliance reports from companies using government data; (4) Research and Innovation — including AI innovation cohorts in priority sectors and attraction of global applied AI R&D centres and R&D fellowships and government-priority applied research grants; (5) Enabling Adoption and Community Collaboration — through a GovTech Catalyst programme and corporate-startup matchmaking and an SME AI platform; (6) AI-Innovestment Fund — a humanitarian investment fund for AI for social good in agriculture and healthcare and education and mobility and law enforcement. Established T-AIM (Telangana AI Mission) in partnership with NASSCOM as the central execution body. Includes financial and non-financial incentives for AI startups and MNCs and research organisations.",State government departments and AI companies and startups and academic and research institutions operating in Telangana; IT companies and startups accessing state government datasets; international MNCs establishing AI centres in Telangana; SMEs adopting AI solutions,Companies accessing government datasets must submit a compliance report detailing ethical and appropriate usage of data; employees of all IT companies utilising government-published datasets must complete a mandatory data ethics course; government agencies procuring AI must follow AI procurement guidelines developed by the AI Ethics Group including use of explainable AI and mechanisms for interpretability and accountability; operational staff in government agencies deploying AI must receive training on the capabilities and limitations of the AI solution including understanding when human review of decisions is required; data providers contributing to the open data exchange platform must obtain data provider certification aligned with the forthcoming national Data Privacy Law,https://startup.telangana.gov.in/wp-content/uploads/2021/04/AI-framework.pdf,,2026-02-27
24,Karnataka Artificial Intelligence Strategy,Government of Karnataka,Cross-cutting,Strategy,Forthcoming,2024-01-01,Karnataka is developing a dedicated AI strategy to complement its IT and BT and S&T sector policies. The state has referenced AI prominently across its IT Policy 2020-2025 and Startup Policy 2022-2027 and Karnataka Digital Economy Mission. A standalone AI strategy is expected to formalise Karnataka's ambition to position Bengaluru as a global AI hub.,State departments and IT sector companies and startups and GCCs and research institutions in Karnataka,Details pending finalisation; expected to align with IndiaAI Mission pillars and prescribe AI skilling and governance standards for Karnataka-based AI companies and government deployers,,,2026-02-27
25,Tamil Nadu Safe and Ethical Artificial Intelligence Policy 2020,Government of Tamil Nadu (Information Technology Department),Cross-cutting,Policy,Final,2020-09-19,"State-level AI policy establishing a mandatory ethical evaluation framework for all government AI procurement and deployment. Introduces the six-dimensional TAM-DEF framework covering Transparency and Audit and Accountability and Legal Issues and Misuse Protection and Digital Divide and Data Deficit and Ethics and Fairness and Equity as the analytical lens for assessing AI systems before public rollout. Mandates the DEEP-MAX scorecard — a seven-parameter point-based rating tool covering Diversity and Equity and Fairness and Ethics and Privacy and Data Protection and Misuse Protection and Audit and Transparency and Cross Geography and Society — for evaluating every AI system procured by government. Proposes an AI Certification, Transparency and Scorecard (ACTS) Blockchain to store tamperproof DEEP-MAX scores and training data certificates for all government AI modules. Establishes a Safe and Ethical AI Monitoring Committee chaired by the Chief Secretary. Assigns TNeGA's Centre of Excellence in Emerging Technologies (CEET) as the technical advisory body for government AI procurement. Sets out capacity-building obligations for citizens and the executive and the legislature and the judiciary. Promotes open data and an AI sandbox and collaborative research centres and expert groups for AI innovation.",All authorities or bodies in Tamil Nadu established under Central or State law and owned or controlled by the Government of Tamil Nadu or receiving aid directly or indirectly from it; all organisational bodies including cooperatives and trusts and societies and public sector undertakings and boards whose composition is controlled by or whose office bearers are appointed by the Government of Tamil Nadu; all partnerships and joint venture companies of the Government of Tamil Nadu,Consult CEET at TNeGA before initiating any AI procurement; evaluate all proposed AI systems against the DEEP-MAX scorecard prior to public deployment and obtain a satisfactory score; record DEEP-MAX scores on the ACTS-Blockchain once operational and on TNeGA's interim mechanism until then; update DEEP-MAX scores at least every six months for all deployed AI systems given their self-learning nature; accept the Government of Tamil Nadu's right to set and periodically revise DEEP-MAX acceptability thresholds and to reject or recall any AI application that does not meet those thresholds,https://it.tn.gov.in/sites/default/files/2021-06/TN_Safe_Ethical_AI_policy_2020.pdf,,2026-02-27
26,National Urban Digital Mission,Ministry of Housing and Urban Affairs (MoHUA),Urban,Policy,Final,2021-02-18,Mission to create shared digital infrastructure for urban local bodies across India enabling AI-powered city services including grievance redressal and traffic management and property tax and waste management. Establishes CityConnect as a national urban data exchange and targets 2000 urban local bodies by 2022. Coordinates with Smart Cities Mission and AMRUT to standardise urban AI applications.,Urban local bodies and smart city special purpose vehicles and urban technology vendors and state urban development departments,Integrate urban services with CityConnect platform and contribute city data through open APIs and deploy AI applications within national urban digital framework standards and participate in capacity building,https://mohua.gov.in/upload/uploadfiles/files/NUDM.pdf,,2026-02-27
27,Smart Cities Mission Framework,Ministry of Housing and Urban Affairs (MoHUA),Urban,Framework,Final,2015-06-25,Framework guiding 100 selected smart cities in deploying integrated command and control centres and AI-powered urban analytics across transportation and utilities and public safety and citizen services. Encourages data-driven governance through dashboards and IoT sensors and predictive analytics. Defines funding and governance structures for city-level technology deployment.,Smart city special purpose vehicles and urban local bodies and technology solution providers and public utilities in 100 smart cities,Deploy and operationalise integrated command and control centre and use AI and data analytics for urban decision making and ensure cybersecurity of city technology infrastructure and publish open data on city performance,https://smartcities.gov.in/about-the-mission,,2026-02-27
28,Technology Perspective and Capability Roadmap,Defence Research and Development Organisation (DRDO),Defence,Strategy,Final,2018-01-01,DRDO roadmap identifying AI and autonomous systems as critical technology priorities for defence modernisation covering unmanned aerial and ground and underwater vehicles and predictive maintenance and logistics optimisation and AI-assisted intelligence analysis and electronic warfare and cyber defence capabilities.,Defence public sector units and private defence manufacturers and research laboratories and armed forces,Conduct R&D in DRDO-prioritised AI defence technology areas and comply with technology transfer and export control restrictions and follow security classification protocols and partner with DRDO for dual-use AI development,https://www.ddpmod.gov.in/sites/default/files/2023-11/ai.pdf,,2026-02-27
29,Establishment of Defence AI Council and Defence AI Project Agency,Ministry of Defence (MoD),Defence,Policy,Final,2019-02-01,Ministry of Defence decision establishing the Defence AI Council chaired by Raksha Mantri as a high-level apex body for strategic direction on AI in defence and the Defence AI Project Agency as the executive body for implementation. Aims to coordinate AI adoption across army and navy and air force and defence PSUs and promote indigenous development of defence AI.,Ministry of Defence and armed forces and defence public sector undertakings and defence research establishments and private defence sector under DPIIT licensing,Align AI defence projects with DAIC strategy and seek DAIPA approval for AI procurement above thresholds and adhere to ethical AI guidelines for lethal autonomous systems and maintain system audit trails,https://www.ddpmod.gov.in/sites/default/files/2023-11/ai.pdf,,2026-02-27
30,National Data Governance Framework Policy,Ministry of Electronics and Information Technology (MEITY),Cross-cutting | Data Governance,Policy,Final,2022-05-27,Policy establishing principles for governance of non-personal and anonymised government data to fuel AI innovation. Proposes a tiered data access framework and the India Datasets Platform for sharing anonymised government datasets. Addresses data interoperability and quality standards and access mechanisms for researchers and AI startups. Closely linked to DPDP Act 2023 for the personal data layer.,Government ministries and public sector enterprises and AI researchers and academic institutions and startups accessing government data,Share anonymised datasets through India Datasets platform after anonymisation audit and adopt data standards prescribed by the Data Management Office and participate in government data exchange protocols and obtain approval for restricted datasets,https://www.meity.gov.in/writereaddata/files/NDGFP%20(For%20Public%20Consultation).pdf,,2026-02-27
31,National Health Data Management Policy,Ministry of Health and Family Welfare (MoHFW),Health | Data Governance,Policy,Final,2020-12-16,Policy governing collection and storage and use of health data in India as the foundational data governance document for the Ayushman Bharat Digital Mission. Establishes a health data classification system and principles of consent and purpose limitation relevant to all AI-in-health applications. Mandates linkage with National Digital Health ID for clinical data use.,Hospitals and health IT vendors and clinical AI developers and health insurance companies and diagnostic laboratories and pharmaceutical companies using patient data,Classify health data according to prescribed sensitivity tiers and obtain patient consent before data use and anonymise data before sharing for AI training and register health data systems with ABDM and comply with DPDP Act for personal health data,https://abdm.gov.in/assets/uploads/1655889007_82961b0f979b47c2a6c3.pdf,,2026-02-27
32,National Digital Health Mission: Health Data Management Policy,Ministry of Health and Family Welfare (MoHFW) / National Digital Health Mission (NDHM),Health | Data Governance,Policy,Final,2020-08-01,"Foundational data governance policy for the National Digital Health Ecosystem (NDHE) establishing the ""Security and Privacy by Design"" framework for personal digital health data. Adopts a federated architecture for interoperable health data management. Defines the roles and obligations of all entities in the NDHE: data fiduciaries (including hospitals and Health Information Providers), Health Information Users, consent managers, data processors, researchers, payers, and pharmaceutical entities. Establishes the Health ID (digital health identifier linked to Aadhaar or other official ID), Healthcare Professional ID, and Health Facility Registry as the three core identity layers. Sets out a detailed consent framework requiring free, informed, specific, and revocable consent for all personal health data access. Specifies data principal rights including confirmation and access, correction, erasure, restriction, data portability, and nominee designation for emergencies. Mandates privacy by design, purpose limitation, data minimisation, collection limitation, and reasonable security practices for all data fiduciaries. Requires Data Protection Impact Assessments before high-risk processing and strict audit trails for all data access. Includes grievance redressal structure through data fiduciary DPO and NDHM Grievance Redressal Officer. Explicitly prohibits denial of health services for refusal to create a Health ID.","All entities participating in the National Digital Health Ecosystem including: Health Information Providers (hospitals, diagnostic centres, public health programmes); Health Information Users (any entity requesting access to health records); consent managers; data processors acting on behalf of data fiduciaries; health facilities maintaining electronic records; payers (central and state governments, insurers, health plans); pharmaceutical and medical device manufacturers in the health data supply chain; research institutions and individual researchers using health data analytics; Health ID Providers; all NDHM ecosystem partners who collect or process personal health data","Collect or process personal health data only with free, informed, specific, and revocable consent obtained through the NDHM consent framework; issue a clear privacy notice before data collection specifying purpose, categories, and rights; implement Privacy by Design in all system design and business practices; publish a privacy by design policy on entity website; implement reasonable security practices including documented information security programme, de-identification and encryption, and periodic security reviews; conduct Data Protection Impact Assessments before high-risk processing; maintain strict audit trails of all data processing activities; appoint a Data Protection Officer and Grievance Officer and publish contact details; respond to data principal grievances within one month; report data breaches to NDHM; do not use health data beyond the purpose specified in the consent; comply with NDHM-specified anonymisation protocols before sharing or analysing data for secondary purposes",https://abdmbeta.abdm.gov.in/strapicms/uploads/health_management_policy_bac9429a79.pdf,,2026-02-27
33,Framework for Regulatory Sandbox for Financial Technologies,Reserve Bank of India (RBI),Finance,Framework,Final,2019-08-01,RBI framework enabling fintech companies including AI-driven credit scoring and insurtech and payments startups to test innovative products under relaxed regulatory norms within a defined testing environment with consumer safeguards. Each cohort focuses on a theme with selected entities testing under supervision before full licensing. Has enabled several AI-in-finance proof of concepts.,Fintech companies and banks partnering with fintechs and AI-based lending and insurance and payment platforms seeking to test products before full regulatory compliance,Apply to relevant RBI sandbox cohort with detailed product description and risk assessment and operate strictly within sandbox testing boundary and test only with consenting customers and submit outcome report to RBI at cohort end,https://www.rbi.org.in/Scripts/PublicationReportDetails.aspx?UrlPage=&ID=934,,2026-02-27
34,Consultation Paper on Guidelines for Responsible Usage of AI/ML in Indian Securities Markets,Securities and Exchange Board of India (SEBI),Finance,Report,Draft,2025-06-20,"SEBI consultation paper issued in June 2025 proposing guiding principles for responsible AI and ML usage across the Indian securities markets. Background draws on SEBI's existing AI/ML reporting requirements for market infrastructure institutions and intermediaries, and the working group's study of Indian and global best practices including NITI Aayog's Responsible AI principles and IOSCO's 2021 AI/ML framework. Documents current AI/ML applications across exchanges (surveillance, cybersecurity, chatbots, pattern recognition), brokers (KYC, product recommendations, order execution, AML), and mutual funds (customer support, segmentation). Proposes five core governance principles: (1) Model Governance — requiring a skilled internal team for model oversight, auditability, explainability and version control, designated senior management accountability, vendor management, periodic revalidation, data governance norms, independent auditing with findings reported to SEBI, and complete verbosity logs retained; (2) Investor Protection and Disclosure — mandatory disclosure to customers of AI/ML use in trading, advisory, and portfolio management, including model risks, limitations, accuracy results, and data quality; (3) Testing Framework — pre-deployment testing in segregated environments including shadow testing, continuous post-deployment monitoring, and minimum five-year documentation retention; (4) Fairness and Bias — ensuring models do not discriminate across client groups and implementing processes to identify and remove data biases; (5) Data Privacy and Cyber Security — clear data security and privacy policies compliant with applicable law and reporting of technical glitches or breaches to SEBI. Proposes a tiered regulatory approach with a lighter framework for internal, non-customer-facing AI uses such as compliance and surveillance. Public comments invited by July 11, 2025.","All SEBI-regulated market participants using AI or ML applications: stock exchanges and clearing corporations and depositories using AI for surveillance and cyber security; stock brokers using AI for KYC, order execution, product recommendations, and AML; asset management companies and mutual funds using AI for customer support and segmentation; portfolio managers and investment advisers using AI in advisory functions; third-party AI vendors providing AI/ML services to capital market entities","Maintain a skilled internal team for AI/ML model lifecycle oversight including auditability and explainability; designate senior management accountable for model governance; conduct pre-deployment testing in segregated environments and shadow testing with live traffic; continuously monitor model performance post-deployment and share accuracy results with SEBI periodically; subject AI/ML systems to independent audits and report audit findings to SEBI; disclose AI/ML usage to customers where it directly impacts them including model risks, limitations, accuracy, and data quality; maintain full-verbosity logs for AI systems; implement data governance policies covering ownership, access controls, and encryption; report technical glitches and data breaches to SEBI; ensure third-party AI vendors are contractually accountable and subject to ongoing oversight",https://www.sebi.gov.in/reports-and-statistics/reports/jun-2025/consultation-paper-on-guidelines-for-responsible-usage-of-ai-ml-in-indian-securities-markets_94687.html,,2026-02-27
35,India AI Governance Guidelines,Ministry of Electronics and Information Technology (MEITY),Cross-cutting,Guidelines,Final,2025-11-01,Comprehensive AI governance guidelines developed by a MeitY-constituted drafting committee and released in November 2025. Adopts a techno-legal approach based on three sutras of Trust and People First and Innovation. Establishes risk-based governance obligations across the AI value chain covering developers and deployers and users. Covers content authentication and privacy preservation and bias mitigation and transparency in the AI value chain.,AI developers and deployers and importers and distributors of AI systems across all sectors in India; government entities using AI in public services,Classify AI systems by risk and conduct conformity assessments for high-risk applications and implement content authentication measures for AI-generated outputs and ensure transparency across AI value chain and report significant AI incidents to designated authority,https://static.pib.gov.in/WriteReadData/specificdocs/documents/2025/nov/doc2025115685601.pdf,,2026-02-27
36,National AI Strategy for Skilling and Workforce Development,Ministry of Skill Development and Entrepreneurship (MSDE),Education | Cross-cutting,Strategy,Forthcoming,2024-01-01,Forthcoming national strategy to prepare India's workforce for an AI-driven economy through PMKVY sector skill councils and integration of AI and ML modules in ITI and polytechnic curricula. Expected to define national AI occupational standards and create a registry of certified AI trainers and link skilling outcomes to AI industry employment.,Sector skill councils and training partners and employers in AI-intensive industries and ITI and polytechnic institutions,Align training curricula with national AI occupational standards upon publication and certify trainers through prescribed process and report enrolment and placement outcomes on SKILL India digital platform,,,2026-02-27
37,Information Technology Intermediary Guidelines and Digital Media Ethics Code Rules 2021,Ministry of Electronics and Information Technology (MEITY),Cross-cutting|Data Governance,Legislation,Final,2021-02-25,Rules governing due diligence obligations for social media intermediaries and OTT platforms and digital news publishers. Amended in 2023 to add obligations around AI-generated misinformation and synthetic media. Key instrument for regulating AI-generated content on Indian platforms.,All social media intermediaries and OTT platforms and digital news publishers operating in India,Appoint resident grievance officer and nodal contact person based in India; publish monthly compliance reports; remove flagged unlawful content within 36 hours; significant social media intermediaries must enable traceability of first originator of messages; deploy automated tools to identify certain categories of harmful content,https://www.meity.gov.in/static/uploads/2024/02/Information-Technology-Intermediary-Guidelines-and-Digital-Media-Ethics-Code-Rules-2021-updated-06.04.2023-.pdf,,2026-02-27
38,India AI Governance Guidelines: Enabling Safe and Trusted AI Innovation (February 2026),Ministry of Electronics and Information Technology (MeitY),Cross-cutting,Guidelines,Final,2026-02-15,"Updated AI governance guidelines released at the AI Impact Summit 2026, building on the November 2025 version. Grounded in seven guiding sutras constituting India's AI governance philosophy: (1) Trust is the Foundation — embedding trust across the full AI value chain; (2) People First — ensuring human agency, oversight, and capacity building; (3) Innovation over Restraint — prioritising responsible innovation over cautionary restriction; (4) Fairness and Equity — designing AI to avoid bias and advance inclusion; (5) Accountability — assigning clear accountability by function, risk, and due diligence; (6) Understandable by Design — ensuring explainability and disclosure as core design features; (7) Safety, Resilience and Sustainability — building safeguards, robustness, and environmental responsibility into AI systems. Presents recommendations across six pillars: infrastructure (expanding compute and data access through IndiaAI Mission, with 38,000+ GPUs onboarded and AIKosh hosting 9,500+ datasets); capacity building (scaling IndiaAI FutureSkills, 570 AI Data Labs, 27 IndiaAI labs); policy and regulation (identifying gaps in existing laws including IT Act, DPDP Act, IT Rules 2021; supporting targeted legislative amendments and regulatory sandboxes); risk mitigation (establishing India-specific AI risk classification framework and national AI incident reporting mechanism); accountability (graded liability proportional to function and risk, transparency reports, accessible grievance redressal); institutions (whole-of-government coordination through proposed AI Governance Group chaired by the Principal Scientific Adviser, Technology and Policy Expert Committee within MeitY, and AI Safety Institute). Provides practical guidelines for industry and regulators including compliance with Indian laws, voluntary adoption of principles, grievance redressal mechanisms, transparency reports, and use of techno-legal solutions.","All persons involved in developing or deploying AI systems in India across all sectors; government ministries and sectoral regulators as policy formulators and enforcers; AI developers, deployers, importers, distributors, and end-users","Comply with all applicable Indian laws and regulations including IT Act, DPDP Act, and IT Rules; demonstrate compliance when called upon by relevant agencies or sectoral regulators; adopt voluntary measures on privacy, security, fairness, non-discrimination, and transparency; create a grievance redressal mechanism for AI-related harms and ensure timely resolution; publish transparency reports evaluating risk of harm in the Indian context or share confidentially with regulators; explore techno-legal solutions such as privacy-enhancing technologies, machine unlearning, and automated bias detection; regulators to prioritise governance interventions where real and present harm or threat to life or livelihood exists; avoid compliance-heavy mandatory approvals unless deemed necessary",https://static.pib.gov.in/WriteReadData/specificdocs/documents/2026/feb/doc2026215790801.pdf,,2026-02-27
39,Strengthening AI Governance Through Techno-Legal Framework,Office of the Principal Scientific Adviser to the Government of India,Cross-cutting,White Paper,Final,2026-01-01,"White paper from the Office of the Principal Scientific Adviser as part of its ""India's AI Policy Priorities"" series, proposing a techno-legal approach as the appropriate governance model for India's AI ecosystem. Defines the techno-legal approach as the integration of legal instruments, rule-based conditioning, regulatory oversight, and technical enforcement mechanisms to embed compliance directly into AI systems across their lifecycle rather than enforcing rules only after deployment. Identifies five stages of the AI lifecycle requiring distinct risk governance and technical safeguards: (1) Data Collection — risks of privacy breach, safety, intellectual property, security, and fairness; controls include Data Protection Impact Assessments, data classification, consent verification, and privacy threat modelling; (2) Data in Use Protection — risks of unauthorised access, secondary use beyond consent, and bias in training data; controls include privacy-enhancing technologies (differential privacy, synthetic data), confidential computing, and digital contracts for data sharing; (3) AI Training and Model Assessment — risks of model memorisation of personal data, training-time attacks such as data poisoning, and bias embedding; controls include model risk assessment, red-teaming, fairness and explainability scoring; (4) Safe AI Inference — risks of sensitive data disclosure in outputs, hallucinations, prompt injection, and adversarial attacks; controls include prompt-level risk tagging, runtime monitoring, adversarial attack detection, and responsible AI firewalls; (5) Trusted Agents — risks of excessive data access, unauthorised actions, and governance failures in agentic AI; controls include agent identity and authentication, context-based firewalling, behaviour logging, and kill switches. Documents MeitY's national call for responsible AI tools (eight projects selected from universities covering machine unlearning, synthetic data, bias mitigation, explainability, PETs, algorithm auditing, governance testing, and ethical certification) and a second EoI for enforcement-oriented tools including deepfake detection and AI stress-testing. Proposes operationalisation through four institutions: AI Governance Group (AIGG) chaired by the PSA for cross-ministerial coordination; Technology and Policy Expert Committee (TPEC) within MeitY for expert inputs; AI Safety Institute (AISI) for evaluation, testing, and safety research; and a National Database of AI Incidents for post-deployment monitoring. Discusses cross-cutting considerations including privacy-performance tradeoffs, AI-subject vs AI-user governance, deepfake pipeline disruption, cross-border alignment, and capacity building.","AI developers, deployers, and regulated entities across all sectors; sectoral regulators such as RBI, SEBI, and ICMR formulating AI governance frameworks; government ministries and public bodies deploying AI in welfare schemes and public services; academia and industry developing responsible AI tools; AI model importers and distributors","Non-binding white paper; key recommended practices include: implementing techno-legal governance teams within organisations responsible for AI initiatives with board-level ethical accountability; conducting Data Protection Impact Assessments and AI impact assessments before data use in model training; implementing privacy-enhancing technologies and fairness assessment at data collection and training stages; scoring AI models for privacy, safety, security, fairness, and explainability using red-teaming before deployment; deploying responsible AI firewalls and runtime monitoring at inference stage; logging agent behaviour and implementing kill switches for agentic AI; publishing transparency reports and voluntary industry commitments; participating in national AI incident reporting once established; engaging with AIGG and TPEC standard-setting processes",https://psa.gov.in/CMS/web/sites/default/files/publication/AI-WP_TechnoLegal.pdf,,2026-02-27
40,Rajasthan Artificial Intelligence and Machine Learning Policy 2026,Government of Rajasthan,Cross-cutting,Policy,Final,2026-01-15,State policy promoting development and responsible deployment of AI and ML across governance and industry.,State government departments and ecosystem partners,Programmatic commitments by state government,https://it.rajasthan.gov.in/ai-ml-policy-2026,,2026-02-27
41,MahaAgri-AI Policy 2025–2029,"Agriculture Department, Government of Maharashtra",Agriculture,Policy,Final,2025-07-01,"State policy and implementation roadmap for deploying AI, Generative AI, and emerging technologies across Maharashtra's agricultural value chain from 2025 to 2029. Aims to address persistent challenges of low productivity, climate variability, water stress, and market inefficiencies while positioning Maharashtra as a national leader in AI-driven agriculture. Built around eight policy pillars: (1) establishing a professionally managed AI and Agritech Innovation Centre under Principal Secretary Agriculture as the central implementation body, complemented by AI Research and Innovation Centres in four State Agriculture Universities; (2) operationalising a federated Agriculture Data Exchange (ADeX) as shared digital public infrastructure with consent-based access and standardised APIs, plus a secure sandbox environment for solution testing; (3) deploying a unified AI-enabled Remote Sensing and Geospatial Intelligence Engine for crop acreage estimation, yield forecasting, drought mapping, and scheme compliance monitoring; (4) implementing the VISTAAR initiative for GenAI-powered multilingual farmer advisory services and simulation tools; (5) building a statewide AI-enabled Agri-Food traceability and quality certification platform using blockchain and QR codes for export-oriented crops; (6) providing differentiated innovation support to agritech startups and established companies through grants, incubation, co-financing, and ADeX access; (7) building institutional capacity in SAUs and training farmers, extension workers, and students; (8) hosting an annual Global AI in Agriculture Conference and Investor Summit. Governance is structured through a State-Level Steering Committee for project approvals and a State-Level Technical Committee for technical and commercial feasibility evaluation. Phased implementation with an initial allocation of Rs 500 crore.",State agriculture departments and district administrations; agritech startups and established companies developing AI solutions; State Agriculture Universities and research institutions; farmers and Farmer Producer Organisations (FPOs) accessing AI advisory services; exporters and packhouses and certification agencies participating in the traceability platform,Agritech solution providers must submit proposals through the AI and Agritech Innovation Centre and undergo technical and commercial feasibility evaluation by the State-Level Technical Committee before deployment; companies accessing ADeX must comply with consent-driven access protocols and state data governance policies; AI solutions deployed in government schemes must adhere to responsible AI and data privacy standards; participating SAUs must integrate AI and ML training and research into their institutional programmes; all deployed AI interventions are subject to KPI-linked monitoring and third-party impact assessments,https://mahaagri.gov.in/ai-policy,,2026-02-27
42,Gujarat AI Implementation Action Plan 2025,Government of Gujarat,Cross-cutting,Action Plan,Final,2025-06-01,Action plan outlining sectoral deployment of AI across governance and public services in Gujarat.,State government departments,Implementation roadmap for state agencies,https://dst.gujarat.gov.in/ai-action-plan,,2026-02-27
43,Tripura Artificial Intelligence Policy,Government of Tripura,Cross-cutting,Policy,Announced / Pending,2026-02-01,Proposed state policy to deploy artificial intelligence for governance reform and public service delivery in Tripura.,State government departments,To be notified,https://tripura.gov.in/,,2026-02-27
44,Karnataka AI Mission,Government of Karnataka,Cross-cutting,Mission,Ongoing,2024-11-01,"State mission to promote adoption of artificial intelligence across governance, startups, and research institutions.",State government and ecosystem partners,Programmatic initiatives,https://www.karnataka.gov.in/,,2026-02-27
45,Tamil Nadu Artificial Intelligence Mission,Government of Tamil Nadu,Cross-cutting,Mission,Ongoing,2024-10-01,"State-level AI mission focused on capacity building, public sector use cases, and industry collaboration.",State government departments,Programmatic initiatives,https://www.tn.gov.in/,,2026-02-27
46,Kerala Artificial Intelligence Strategy,Government of Kerala,Cross-cutting,Strategy,Final,2024-08-01,State strategy for ethical and inclusive deployment of artificial intelligence in public services and innovation.,State government departments,Strategic guidance,https://kerala.gov.in/,,2026-02-27
47,Responsible AI for All: Adopting the Framework — A Use Case Approach on Facial Recognition Technology,NITI Aayog (research conducted by Vidhi Centre for Legal Policy),Cross-cutting,White Paper,Final,2023-06-01,"Third paper in NITI Aayog's Responsible AI series, applying the seven RAI principles from Parts 1 and 2 to the specific use case of Facial Recognition Technology (FRT). Part 1 of the paper examines FRT as a concept — how it operates, its rise in use, a taxonomy of non-security and security applications, examples of FRT systems deployed in India and globally, design-based and rights-based risks, and a comparative review of FRT regulation in the EU, UK, USA, Australia, and Canada. Part 2 provides a detailed case study of the Digi Yatra biometric boarding system at Indian airports, evaluating it against all seven RAI principles and the operationalisation mechanisms from Part 2 of the series. Makes actionable recommendations for responsible FRT use both for Digi Yatra specifically and for any future FRT deployment in India, covering law and policy, institutional interventions, technical safeguards, and consent and data minimisation requirements. Research was financially supported by NITI Aayog and conducted by Vidhi Centre for Legal Policy, New Delhi.",Government agencies and private entities deploying facial recognition technology in public or semi-public spaces; civil aviation and airport operators using biometric boarding systems; law enforcement agencies using automated facial recognition; procurers of FRT for identity verification,Ensure FRT use is voluntary and with explicit informed consent; apply all seven RAI principles during design and procurement of FRT systems; conduct bias and accuracy assessments across demographic groups before deployment; implement strict data minimisation and retention limits; establish grievance redressal mechanisms for affected individuals; ensure transparency with affected persons about FRT use; mandate human review of FRT-generated alerts before any consequential action; comply with applicable data protection laws for biometric data,https://www.niti.gov.in/sites/default/files/2023-09/Responsible-AI-for-All_FRT.pdf,,2026-02-27
